{
    "cell_size": 100,
    "gravity": [
        0.0,
        9.8100004196167
    ],
    "stoper": 2900,
    "objects": [
        {
            "obj_type": "static",
            "shape_type": "rectangle",
            "size": [
                8.0,
                0.5
            ],
            "position": [
                4.0,
                0.25
            ],
            "angle": 0.0,
            "color": [
                255.0,
                255.0,
                255.0
            ],
            "features": null
        },
        {
            "obj_type": "static",
            "shape_type": "triangle",
            "size": [
                [
                    3.3333333333333335,
                    0.9622504486493758
                ],
                [
                    -1.6666666666666663,
                    0.9622504486493765
                ],
                [
                    -1.6666666666666676,
                    -1.924500897298752
                ]
            ],
            "position": [
                2.6649999618530273,
                -0.9599999785423279
            ],
            "angle": 0.0,
            "color": [
                255.0,
                255.0,
                255.0
            ],
            "features": null
        },
        {
            "obj_type": "dynamic",
            "shape_type": "circle",
            "size": 0.25,
            "position": [
                7.75,
                -0.25
            ],
            "angle": 0.0,
            "color": [
                255.0,
                165.0,
                0.0
            ],
            "features": {
                "linearVelocity": [
                    0.0,
                    -0.0
                ],
                "angularVelocity": -80.0,
                "linearDamping": 0.0,
                "angularDamping": 0.0,
                "density": 50.93,
                "friction": 0.5,
                "restitution": 0.0,
                "fixedRotation": false,
                "active": true
            },
            "mass": 10.000000953674316,
            "linear_velocity": [
                0.0,
                -0.0
            ],
            "angular_velocity": -80.0,
            "applied_force": [
                0.0,
                -0.0
            ],
            "show_trajectory": false,
            "show_gravity_force": false,
            "show_applied_force": false,
            "show_total_force": false,
            "show_velocity": false,
            "show_velocity_x": false,
            "show_velocity_y": false
        }
    ]
}
